{
    "meta": {
        "no_of_pages": 1,
        "current_page": 1,
        "max_items_per_page": 250,
        "no_of_items": 32
    },
    "data": [{
        "orderid": "1471518383",
        "parent_orderid": null,
        "amount": {
            "total": 59.99,
            "shipping": 0
        },
        "date": "10/14/2023 06:45PM UTC",
        "fulfillment_method": "Drop Ship (Marketplace)",
        "opp_id": "006Hr00001MVZMb",
        "supplier": "I.G.L.M. ELECTRONIC SRL",
        "line_items": [{
            "weight": "1.0",
            "bom_sku": "1050420",
            "opp_name": "#HERO23 Brita Filtro per acqua originale BRITA MAXTRA PRO All-in-1 Pack 12 - SETTEMBRE - OCT 2023__DSN-vetted - #AIgen",
            "ci_lineitemid": 538385609,
            "sku": "4006387120597",
            "custom_field_value": "Merchant VAT responsible",
            "channel_sku_provided": "a0YHr00000ZhcKG",
            "unit_price": 59.99,
            "ship_by_date": "10/17/2023 09:59PM UTC",
            "kitting_details": "Primary:1x4006387120597",
            "status": "open",
            "intrinsic_value": 49.17,
            "gg_account_number": "001Hr00001onSMEIA2, 001Hr00001onSM4IAM, 001Hr00001onSLzIAM, 001Hr00001onSCWIA2, 001Hr00001onSMJIA2, 001Hr00001onSMTIA2",
            "groupon_cost": 45.60,
            "discount": 0,
            "voucher_code": "",
            "permalink": "006Hr00001MVZMb",
            "name": "Brita Filtro per acqua originale BRITA MAXTRA PRO All-in-1 Pack 12",
            "po_number": null,
            "fulfillment_lineitem_id": "1178489926",
            "hts_code": "85166070",
            "gift_message": "",
            "order_line_item_uuid": "9feb3dc8-6aaa-11ee-abad-1ef54f345b3f",
            "coo": "",
            "quantity": 1
        }],
        "customer": {
            "city": "Villar Perosa",
            "state": "TO",
            "billing_address": {
                "city": "Villar Perosa",
                "state": "TO",
                "name": "Cristina Tarantino",
                "zip": "10069",
                "country": "IT",
                "address1": "Via Nazionale 31/A",
                "address2": "",
                "phone": ""
            },
            "invoice_url": "",
            "name": "Cristina Tarantino",
            "zip": "10069",
            "country": "IT",
            "address1": "Via Nazionale 31/A",
            "address2": "C/o Intesa Sanpaolo",
            "phone": "3386046781"
        },
        "shipping": {
            "product_dimension_unit": "cm",
            "product_weight_unit": "kg",
            "product_weight": "1.0",
            "incoterms": "",
            "3PL_warehouse": "",
            "3PL_name": "",
            "product_width": "5.0",
            "product_length": "5.0",
            "carrier": "",
            "product_height": "5.0",
            "method": "standard"
        }
    }, {
        "orderid": "1471510950",
        "parent_orderid": null,
        "amount": {
            "total": 59.99,
            "shipping": 0
        },
        "date": "10/13/2023 10:30AM UTC",
        "fulfillment_method": "Drop Ship (Marketplace)",
        "opp_id": "006Hr00001MVZMb",
        "supplier": "I.G.L.M. ELECTRONIC SRL",
        "line_items": [{
            "weight": "1.0",
            "bom_sku": "1050420",
            "opp_name": "#HERO23 Brita Filtro per acqua originale BRITA MAXTRA PRO All-in-1 Pack 12 - SETTEMBRE - OCT 2023__DSN-vetted - #AIgen",
            "ci_lineitemid": 538368159,
            "sku": "4006387120597",
            "custom_field_value": "Merchant VAT responsible",
            "channel_sku_provided": "a0YHr00000ZhcKG",
            "unit_price": 59.99,
            "ship_by_date": "10/16/2023 09:59PM UTC",
            "kitting_details": "Primary:1x4006387120597",
            "status": "open",
            "intrinsic_value": 46.71,
            "gg_account_number": "001Hr00001onSMEIA2, 001Hr00001onSM4IAM, 001Hr00001onSLzIAM, 001Hr00001onSCWIA2, 001Hr00001onSMJIA2, 001Hr00001onSMTIA2",
            "groupon_cost": 45.60,
            "discount": 3.00,
            "voucher_code": "",
            "permalink": "006Hr00001MVZMb",
            "name": "Brita Filtro per acqua originale BRITA MAXTRA PRO All-in-1 Pack 12",
            "po_number": null,
            "fulfillment_lineitem_id": "1178482482",
            "hts_code": "85166070",
            "gift_message": "",
            "order_line_item_uuid": "dbcc8be4-699c-11ee-bbee-22d962264fc1",
            "coo": "",
            "quantity": 1
        }],
        "customer": {
            "city": "TRIUGGIO",
            "state": "MB",
            "billing_address": {
                "city": "TRIUGGIO",
                "state": "MB",
                "name": "LUCA COLOMBO",
                "zip": "20844",
                "country": "IT",
                "address1": "VIA A. DIAZ 39",
                "address2": "",
                "phone": ""
            },
            "invoice_url": "",
            "name": "LUCA COLOMBO",
            "zip": "20844",
            "country": "IT",
            "address1": "VIA A. DIAZ 39",
            "address2": "",
            "phone": "3929606273"
        },
        "shipping": {
            "product_dimension_unit": "cm",
            "product_weight_unit": "kg",
            "product_weight": "1.0",
            "incoterms": "",
            "3PL_warehouse": "",
            "3PL_name": "",
            "product_width": "5.0",
            "product_length": "5.0",
            "carrier": "",
            "product_height": "5.0",
            "method": "standard"
        }
    }, {
        "orderid": "1471517196",
        "parent_orderid": null,
        "amount": {
            "total": 65.99,
            "shipping": 0
        },
        "date": "10/14/2023 03:15PM UTC",
        "fulfillment_method": "Drop Ship (Marketplace)",
        "opp_id": "006Hr00001MVnIj",
        "supplier": "I.G.L.M. ELECTRONIC SRL",
        "line_items": [{
            "weight": "1.0",
            "bom_sku": "1050420",
            "opp_name": "#TREND23 Brita Filtro per acqua originale BRITA MAXTRA PRO All-in-1 Pack 12 - SETTEMBR - OCT 2023__DSN-vetted - #AIgen",
            "ci_lineitemid": 538382932,
            "sku": "4006387120597",
            "custom_field_value": "Merchant VAT responsible",
            "channel_sku_provided": "a0YHr00000Zhgp5",
            "unit_price": 65.99,
            "ship_by_date": "10/17/2023 09:59PM UTC",
            "kitting_details": "Primary:1x4006387120597",
            "status": "open",
            "intrinsic_value": 52.24,
            "gg_account_number": "001Hr00001onSMEIA2, 001Hr00001onSM4IAM, 001Hr00001onSLzIAM, 001Hr00001onSCWIA2, 001Hr00001onSMJIA2, 001Hr00001onSMTIA2",
            "groupon_cost": 49.60,
            "discount": 3.30,
            "voucher_code": "",
            "permalink": "006Hr00001MVnIj",
            "name": "Brita Filtro per acqua originale BRITA MAXTRA PRO All-in-1 Pack 12",
            "po_number": null,
            "fulfillment_lineitem_id": "1178488741",
            "hts_code": "85166070",
            "gift_message": "",
            "order_line_item_uuid": "3c657394-6a8d-11ee-8793-cacab61f1ae1",
            "coo": "",
            "quantity": 1
        }],
        "customer": {
            "city": "OSENBACH",
            "state": "",
            "billing_address": {
                "city": "OSENBACH",
                "state": "",
                "name": "IONELA SCHAEGIS",
                "zip": "68570",
                "country": "FR",
                "address1": "11 RUE DU STADE",
                "address2": "",
                "phone": ""
            },
            "invoice_url": "",
            "name": "IONELA SCHAEGIS",
            "zip": "68570",
            "country": "FR",
            "address1": "11 RUE DU STADE",
            "address2": "",
            "phone": "0644851812"
        },
        "shipping": {
            "product_dimension_unit": "cm",
            "product_weight_unit": "kg",
            "product_weight": "1.0",
            "incoterms": "",
            "3PL_warehouse": "",
            "3PL_name": "",
            "product_width": "5.0",
            "product_length": "5.0",
            "carrier": "",
            "product_height": "5.0",
            "method": "standard"
        }
    }, {
        "orderid": "1471519740",
        "parent_orderid": null,
        "amount": {
            "total": 65.99,
            "shipping": 0
        },
        "date": "10/14/2023 11:15PM UTC",
        "fulfillment_method": "Drop Ship (Marketplace)",
        "opp_id": "006Hr00001MVnIj",
        "supplier": "I.G.L.M. ELECTRONIC SRL",
        "line_items": [{
            "weight": "1.0",
            "bom_sku": "1050420",
            "opp_name": "#TREND23 Brita Filtro per acqua originale BRITA MAXTRA PRO All-in-1 Pack 12 - SETTEMBR - OCT 2023__DSN-vetted - #AIgen",
            "ci_lineitemid": 538389068,
            "sku": "4006387120597",
            "custom_field_value": "Merchant VAT responsible",
            "channel_sku_provided": "a0YHr00000Zhgp5",
            "unit_price": 65.99,
            "ship_by_date": "10/17/2023 09:59PM UTC",
            "kitting_details": "Primary:1x4006387120597",
            "status": "open",
            "intrinsic_value": 54.99,
            "gg_account_number": "001Hr00001onSMEIA2, 001Hr00001onSM4IAM, 001Hr00001onSLzIAM, 001Hr00001onSCWIA2, 001Hr00001onSMJIA2, 001Hr00001onSMTIA2",
            "groupon_cost": 49.60,
            "discount": 0,
            "voucher_code": "",
            "permalink": "006Hr00001MVnIj",
            "name": "Brita Filtro per acqua originale BRITA MAXTRA PRO All-in-1 Pack 12",
            "po_number": null,
            "fulfillment_lineitem_id": "1178491301",
            "hts_code": "85166070",
            "gift_message": "",
            "order_line_item_uuid": "e9568772-6acf-11ee-94ea-cacab61f1ae1",
            "coo": "",
            "quantity": 1
        }],
        "customer": {
            "city": "Montargis",
            "state": "",
            "billing_address": {
                "city": "Montargis",
                "state": "",
                "name": "AZEVEDO Patrick",
                "zip": "45200",
                "country": "FR",
                "address1": "98 Rue Paul Painlev\u00e9",
                "address2": "",
                "phone": ""
            },
            "invoice_url": "",
            "name": "AZEVEDO Patrick",
            "zip": "45200",
            "country": "FR",
            "address1": "98 Rue Paul Painlev\u00e9",
            "address2": "",
            "phone": "0781822806"
        },
        "shipping": {
            "product_dimension_unit": "cm",
            "product_weight_unit": "kg",
            "product_weight": "1.0",
            "incoterms": "",
            "3PL_warehouse": "",
            "3PL_name": "",
            "product_width": "5.0",
            "product_length": "5.0",
            "carrier": "",
            "product_height": "5.0",
            "method": "standard"
        }
    }, {
        "orderid": "1471522303",
        "parent_orderid": null,
        "amount": {
            "total": 59.99,
            "shipping": 0
        },
        "date": "10/15/2023 03:00PM UTC",
        "fulfillment_method": "Drop Ship (Marketplace)",
        "opp_id": "006Hr00001MVZMb",
        "supplier": "I.G.L.M. ELECTRONIC SRL",
        "line_items": [{
            "weight": "1.0",
            "bom_sku": "1050420",
            "opp_name": "#HERO23 Brita Filtro per acqua originale BRITA MAXTRA PRO All-in-1 Pack 12 - SETTEMBRE - OCT 2023__DSN-vetted - #AIgen",
            "ci_lineitemid": 538396076,
            "sku": "4006387120597",
            "custom_field_value": "Merchant VAT responsible",
            "channel_sku_provided": "a0YHr00000ZhcKG",
            "unit_price": 59.99,
            "ship_by_date": "10/17/2023 09:59PM UTC",
            "kitting_details": "Primary:1x4006387120597",
            "status": "open",
            "intrinsic_value": 49.17,
            "gg_account_number": "001Hr00001onSMEIA2, 001Hr00001onSM4IAM, 001Hr00001onSLzIAM, 001Hr00001onSCWIA2, 001Hr00001onSMJIA2, 001Hr00001onSMTIA2",
            "groupon_cost": 45.60,
            "discount": 0,
            "voucher_code": "",
            "permalink": "006Hr00001MVZMb",
            "name": "Brita Filtro per acqua originale BRITA MAXTRA PRO All-in-1 Pack 12",
            "po_number": null,
            "fulfillment_lineitem_id": "1178493862",
            "hts_code": "85166070",
            "gift_message": "",
            "order_line_item_uuid": "e1fa26ac-6b54-11ee-b537-86f365499b0e",
            "coo": "",
            "quantity": 1
        }],
        "customer": {
            "city": "Roma",
            "state": "RM",
            "billing_address": {
                "city": "Roma",
                "state": "RM",
                "name": "Marco Scalisi",
                "zip": "00152",
                "country": "IT",
                "address1": "Circonvallazione Gianicolense ",
                "address2": "",
                "phone": ""
            },
            "invoice_url": "",
            "name": "Marco Scalisi",
            "zip": "00152",
            "country": "IT",
            "address1": "Circonvallazione Gianicolense ",
            "address2": "354 ",
            "phone": "3283584488"
        },
        "shipping": {
            "product_dimension_unit": "cm",
            "product_weight_unit": "kg",
            "product_weight": "1.0",
            "incoterms": "",
            "3PL_warehouse": "",
            "3PL_name": "",
            "product_width": "5.0",
            "product_length": "5.0",
            "carrier": "",
            "product_height": "5.0",
            "method": "standard"
        }
    }, {
        "orderid": "1471515710",
        "parent_orderid": null,
        "amount": {
            "total": 59.99,
            "shipping": 0
        },
        "date": "10/14/2023 11:00AM UTC",
        "fulfillment_method": "Drop Ship (Marketplace)",
        "opp_id": "006Hr00001MVZMb",
        "supplier": "I.G.L.M. ELECTRONIC SRL",
        "line_items": [{
            "weight": "1.0",
            "bom_sku": "1050420",
            "opp_name": "#HERO23 Brita Filtro per acqua originale BRITA MAXTRA PRO All-in-1 Pack 12 - SETTEMBRE - OCT 2023__DSN-vetted - #AIgen",
            "ci_lineitemid": 538380804,
            "sku": "4006387120597",
            "custom_field_value": "Merchant VAT responsible",
            "channel_sku_provided": "a0YHr00000ZhcKG",
            "unit_price": 59.99,
            "ship_by_date": "10/17/2023 09:59PM UTC",
            "kitting_details": "Primary:1x4006387120597",
            "status": "open",
            "intrinsic_value": 49.17,
            "gg_account_number": "001Hr00001onSMEIA2, 001Hr00001onSM4IAM, 001Hr00001onSLzIAM, 001Hr00001onSCWIA2, 001Hr00001onSMJIA2, 001Hr00001onSMTIA2",
            "groupon_cost": 45.60,
            "discount": 0,
            "voucher_code": "",
            "permalink": "006Hr00001MVZMb",
            "name": "Brita Filtro per acqua originale BRITA MAXTRA PRO All-in-1 Pack 12",
            "po_number": null,
            "fulfillment_lineitem_id": "1178487263",
            "hts_code": "85166070",
            "gift_message": "",
            "order_line_item_uuid": "0750376a-6a6b-11ee-9394-da186a83b130",
            "coo": "",
            "quantity": 1
        }],
        "customer": {
            "city": "Civitavecchia",
            "state": "RM",
            "billing_address": {
                "city": "Civitavecchia",
                "state": "RM",
                "name": "Marcella Izzo",
                "zip": "00053",
                "country": "IT",
                "address1": "Via Piero Gobetti 14",
                "address2": "",
                "phone": ""
            },
            "invoice_url": "",
            "name": "Marcella Izzo",
            "zip": "00053",
            "country": "IT",
            "address1": "Via Piero Gobetti 14",
            "address2": "",
            "phone": "3281283983"
        },
        "shipping": {
            "product_dimension_unit": "cm",
            "product_weight_unit": "kg",
            "product_weight": "1.0",
            "incoterms": "",
            "3PL_warehouse": "",
            "3PL_name": "",
            "product_width": "5.0",
            "product_length": "5.0",
            "carrier": "",
            "product_height": "5.0",
            "method": "standard"
        }
    }, {
        "orderid": "1471520727",
        "parent_orderid": null,
        "amount": {
            "total": 59.99,
            "shipping": 0
        },
        "date": "10/15/2023 10:15AM UTC",
        "fulfillment_method": "Drop Ship (Marketplace)",
        "opp_id": "006Hr00001MVZMb",
        "supplier": "I.G.L.M. ELECTRONIC SRL",
        "line_items": [{
            "weight": "1.0",
            "bom_sku": "1050420",
            "opp_name": "#HERO23 Brita Filtro per acqua originale BRITA MAXTRA PRO All-in-1 Pack 12 - SETTEMBRE - OCT 2023__DSN-vetted - #AIgen",
            "ci_lineitemid": 538393982,
            "sku": "4006387120597",
            "custom_field_value": "Merchant VAT responsible",
            "channel_sku_provided": "a0YHr00000ZhcKG",
            "unit_price": 59.99,
            "ship_by_date": "10/17/2023 09:59PM UTC",
            "kitting_details": "Primary:1x4006387120597",
            "status": "open",
            "intrinsic_value": 49.17,
            "gg_account_number": "001Hr00001onSMEIA2, 001Hr00001onSM4IAM, 001Hr00001onSLzIAM, 001Hr00001onSCWIA2, 001Hr00001onSMJIA2, 001Hr00001onSMTIA2",
            "groupon_cost": 45.60,
            "discount": 0,
            "voucher_code": "",
            "permalink": "006Hr00001MVZMb",
            "name": "Brita Filtro per acqua originale BRITA MAXTRA PRO All-in-1 Pack 12",
            "po_number": null,
            "fulfillment_lineitem_id": "1178492268",
            "hts_code": "85166070",
            "gift_message": "",
            "order_line_item_uuid": "9aa77d26-6b2d-11ee-aa01-da186a83b130",
            "coo": "",
            "quantity": 1
        }],
        "customer": {
            "city": "Gravina in Puglia",
            "state": "BA",
            "billing_address": {
                "city": "Gravina in Puglia",
                "state": "BA",
                "name": "Ladestra Domenica",
                "zip": "70024",
                "country": "IT",
                "address1": "Via Antonio Gogavino 60/B",
                "address2": "",
                "phone": ""
            },
            "invoice_url": "",
            "name": "Ladestra Domenica",
            "zip": "70024",
            "country": "IT",
            "address1": "Via Antonio Gogavino 60/B",
            "address2": "",
            "phone": "3458303706"
        },
        "shipping": {
            "product_dimension_unit": "cm",
            "product_weight_unit": "kg",
            "product_weight": "1.0",
            "incoterms": "",
            "3PL_warehouse": "",
            "3PL_name": "",
            "product_width": "5.0",
            "product_length": "5.0",
            "carrier": "",
            "product_height": "5.0",
            "method": "standard"
        }
    }, {
        "orderid": "1471520895",
        "parent_orderid": null,
        "amount": {
            "total": 59.99,
            "shipping": 0
        },
        "date": "10/15/2023 11:00AM UTC",
        "fulfillment_method": "Drop Ship (Marketplace)",
        "opp_id": "006Hr00001MVZMb",
        "supplier": "I.G.L.M. ELECTRONIC SRL",
        "line_items": [{
            "weight": "1.0",
            "bom_sku": "1050420",
            "opp_name": "#HERO23 Brita Filtro per acqua originale BRITA MAXTRA PRO All-in-1 Pack 12 - SETTEMBRE - OCT 2023__DSN-vetted - #AIgen",
            "ci_lineitemid": 538394308,
            "sku": "4006387120597",
            "custom_field_value": "Merchant VAT responsible",
            "channel_sku_provided": "a0YHr00000ZhcKG",
            "unit_price": 59.99,
            "ship_by_date": "10/17/2023 09:59PM UTC",
            "kitting_details": "Primary:1x4006387120597",
            "status": "open",
            "intrinsic_value": 49.17,
            "gg_account_number": "001Hr00001onSMEIA2, 001Hr00001onSM4IAM, 001Hr00001onSLzIAM, 001Hr00001onSCWIA2, 001Hr00001onSMJIA2, 001Hr00001onSMTIA2",
            "groupon_cost": 45.60,
            "discount": 0,
            "voucher_code": "",
            "permalink": "006Hr00001MVZMb",
            "name": "Brita Filtro per acqua originale BRITA MAXTRA PRO All-in-1 Pack 12",
            "po_number": null,
            "fulfillment_lineitem_id": "1178492454",
            "hts_code": "85166070",
            "gift_message": "",
            "order_line_item_uuid": "70dc7112-6b33-11ee-aa02-6a7a6c149ba9",
            "coo": "",
            "quantity": 1
        }],
        "customer": {
            "city": "Pesaro",
            "state": "PU",
            "billing_address": {
                "city": "Pesaro",
                "state": "PU",
                "name": "Fausto Martini",
                "zip": "61121",
                "country": "IT",
                "address1": "Via Luca della Robbia 10/5",
                "address2": "",
                "phone": ""
            },
            "invoice_url": "",
            "name": "Fausto Martini",
            "zip": "61121",
            "country": "IT",
            "address1": "Via Luca della Robbia 10/5",
            "address2": "",
            "phone": "3409902561"
        },
        "shipping": {
            "product_dimension_unit": "cm",
            "product_weight_unit": "kg",
            "product_weight": "1.0",
            "incoterms": "",
            "3PL_warehouse": "",
            "3PL_name": "",
            "product_width": "5.0",
            "product_length": "5.0",
            "carrier": "",
            "product_height": "5.0",
            "method": "standard"
        }
    }, {
        "orderid": "1471512048",
        "parent_orderid": null,
        "amount": {
            "total": 59.99,
            "shipping": 0
        },
        "date": "10/13/2023 02:15PM UTC",
        "fulfillment_method": "Drop Ship (Marketplace)",
        "opp_id": "006Hr00001MVZMb",
        "supplier": "I.G.L.M. ELECTRONIC SRL",
        "line_items": [{
            "weight": "1.0",
            "bom_sku": "1050420",
            "opp_name": "#HERO23 Brita Filtro per acqua originale BRITA MAXTRA PRO All-in-1 Pack 12 - SETTEMBRE - OCT 2023__DSN-vetted - #AIgen",
            "ci_lineitemid": 538369669,
            "sku": "4006387120597",
            "custom_field_value": "Merchant VAT responsible",
            "channel_sku_provided": "a0YHr00000ZhcKG",
            "unit_price": 59.99,
            "ship_by_date": "10/16/2023 09:59PM UTC",
            "kitting_details": "Primary:1x4006387120597",
            "status": "open",
            "intrinsic_value": 49.17,
            "gg_account_number": "001Hr00001onSMEIA2, 001Hr00001onSM4IAM, 001Hr00001onSLzIAM, 001Hr00001onSCWIA2, 001Hr00001onSMJIA2, 001Hr00001onSMTIA2",
            "groupon_cost": 45.60,
            "discount": 0,
            "voucher_code": "",
            "permalink": "006Hr00001MVZMb",
            "name": "Brita Filtro per acqua originale BRITA MAXTRA PRO All-in-1 Pack 12",
            "po_number": null,
            "fulfillment_lineitem_id": "1178483601",
            "hts_code": "85166070",
            "gift_message": "",
            "order_line_item_uuid": "42f72166-69bc-11ee-abe8-6a7a6c149ba9",
            "coo": "",
            "quantity": 1
        }],
        "customer": {
            "city": "CLUSONE",
            "state": "BG",
            "billing_address": {
                "city": "CLUSONE",
                "state": "BG",
                "name": "ALESSANDRO FERRARI",
                "zip": "24023",
                "country": "IT",
                "address1": "VIA BRESCIA' 11",
                "address2": "",
                "phone": ""
            },
            "invoice_url": "",
            "name": "ALESSANDRO FERRARI",
            "zip": "24023",
            "country": "IT",
            "address1": "VIA BRESCIA' 11",
            "address2": "",
            "phone": "3938929277"
        },
        "shipping": {
            "product_dimension_unit": "cm",
            "product_weight_unit": "kg",
            "product_weight": "1.0",
            "incoterms": "",
            "3PL_warehouse": "",
            "3PL_name": "",
            "product_width": "5.0",
            "product_length": "5.0",
            "carrier": "",
            "product_height": "5.0",
            "method": "standard"
        }
    }, {
        "orderid": "1471514449",
        "parent_orderid": null,
        "amount": {
            "total": 59.99,
            "shipping": 0
        },
        "date": "10/13/2023 11:00PM UTC",
        "fulfillment_method": "Drop Ship (Marketplace)",
        "opp_id": "006Hr00001MVZMb",
        "supplier": "I.G.L.M. ELECTRONIC SRL",
        "line_items": [{
            "weight": "1.0",
            "bom_sku": "1050420",
            "opp_name": "#HERO23 Brita Filtro per acqua originale BRITA MAXTRA PRO All-in-1 Pack 12 - SETTEMBRE - OCT 2023__DSN-vetted - #AIgen",
            "ci_lineitemid": 538375831,
            "sku": "4006387120597",
            "custom_field_value": "Merchant VAT responsible",
            "channel_sku_provided": "a0YHr00000ZhcKG",
            "unit_price": 59.99,
            "ship_by_date": "10/17/2023 09:59PM UTC",
            "kitting_details": "Primary:1x4006387120597",
            "status": "open",
            "intrinsic_value": 49.17,
            "gg_account_number": "001Hr00001onSMEIA2, 001Hr00001onSM4IAM, 001Hr00001onSLzIAM, 001Hr00001onSCWIA2, 001Hr00001onSMJIA2, 001Hr00001onSMTIA2",
            "groupon_cost": 45.60,
            "discount": 0,
            "voucher_code": "",
            "permalink": "006Hr00001MVZMb",
            "name": "Brita Filtro per acqua originale BRITA MAXTRA PRO All-in-1 Pack 12",
            "po_number": null,
            "fulfillment_lineitem_id": "1178486014",
            "hts_code": "85166070",
            "gift_message": "",
            "order_line_item_uuid": "499119ba-6a06-11ee-b1b6-c2823a624f20",
            "coo": "",
            "quantity": 1
        }],
        "customer": {
            "city": "VERONA",
            "state": "VR",
            "billing_address": {
                "city": "VERONA",
                "state": "VR",
                "name": "MICHELA BOMBIERI",
                "zip": "37125",
                "country": "IT",
                "address1": "VIA CISMON 9",
                "address2": "",
                "phone": ""
            },
            "invoice_url": "",
            "name": "MICHELA BOMBIERI",
            "zip": "37125",
            "country": "IT",
            "address1": "VIA CISMON 9",
            "address2": "",
            "phone": "3479705879"
        },
        "shipping": {
            "product_dimension_unit": "cm",
            "product_weight_unit": "kg",
            "product_weight": "1.0",
            "incoterms": "",
            "3PL_warehouse": "",
            "3PL_name": "",
            "product_width": "5.0",
            "product_length": "5.0",
            "carrier": "",
            "product_height": "5.0",
            "method": "standard"
        }
    }, {
        "orderid": "1471524206",
        "parent_orderid": null,
        "amount": {
            "total": 59.99,
            "shipping": 0
        },
        "date": "10/15/2023 08:00PM UTC",
        "fulfillment_method": "Drop Ship (Marketplace)",
        "opp_id": "006Hr00001MVZMb",
        "supplier": "I.G.L.M. ELECTRONIC SRL",
        "line_items": [{
            "weight": "1.0",
            "bom_sku": "1050420",
            "opp_name": "#HERO23 Brita Filtro per acqua originale BRITA MAXTRA PRO All-in-1 Pack 12 - SETTEMBRE - OCT 2023__DSN-vetted - #AIgen",
            "ci_lineitemid": 538399799,
            "sku": "4006387120597",
            "custom_field_value": "Merchant VAT responsible",
            "channel_sku_provided": "a0YHr00000ZhcKG",
            "unit_price": 59.99,
            "ship_by_date": "10/17/2023 09:59PM UTC",
            "kitting_details": "Primary:1x4006387120597",
            "status": "open",
            "intrinsic_value": 46.71,
            "gg_account_number": "001Hr00001onSMEIA2, 001Hr00001onSM4IAM, 001Hr00001onSLzIAM, 001Hr00001onSCWIA2, 001Hr00001onSMJIA2, 001Hr00001onSMTIA2",
            "groupon_cost": 45.60,
            "discount": 3.00,
            "voucher_code": "",
            "permalink": "006Hr00001MVZMb",
            "name": "Brita Filtro per acqua originale BRITA MAXTRA PRO All-in-1 Pack 12",
            "po_number": null,
            "fulfillment_lineitem_id": "1178495788",
            "hts_code": "85166070",
            "gift_message": "",
            "order_line_item_uuid": "5b46c4b4-6b7f-11ee-9657-3e9c1df0ddc4",
            "coo": "",
            "quantity": 1
        }],
        "customer": {
            "city": "NETTUNO",
            "state": "RM",
            "billing_address": {
                "city": "NETTUNO",
                "state": "RM",
                "name": "Sante Ferinaio",
                "zip": "00048",
                "country": "IT",
                "address1": "LARGO TRAFELLI 11",
                "address2": "",
                "phone": ""
            },
            "invoice_url": "",
            "name": "Sante Ferinaio",
            "zip": "00048",
            "country": "IT",
            "address1": "LARGO TRAFELLI 11",
            "address2": "PRESSO PROFUMERIA PETTE",
            "phone": "3383925682"
        },
        "shipping": {
            "product_dimension_unit": "cm",
            "product_weight_unit": "kg",
            "product_weight": "1.0",
            "incoterms": "",
            "3PL_warehouse": "",
            "3PL_name": "",
            "product_width": "5.0",
            "product_length": "5.0",
            "carrier": "",
            "product_height": "5.0",
            "method": "standard"
        }
    }, {
        "orderid": "1471518340",
        "parent_orderid": null,
        "amount": {
            "total": 59.99,
            "shipping": 0
        },
        "date": "10/14/2023 06:30PM UTC",
        "fulfillment_method": "Drop Ship (Marketplace)",
        "opp_id": "006Hr00001MVZMb",
        "supplier": "I.G.L.M. ELECTRONIC SRL",
        "line_items": [{
            "weight": "1.0",
            "bom_sku": "1050420",
            "opp_name": "#HERO23 Brita Filtro per acqua originale BRITA MAXTRA PRO All-in-1 Pack 12 - SETTEMBRE - OCT 2023__DSN-vetted - #AIgen",
            "ci_lineitemid": 538385432,
            "sku": "4006387120597",
            "custom_field_value": "Merchant VAT responsible",
            "channel_sku_provided": "a0YHr00000ZhcKG",
            "unit_price": 59.99,
            "ship_by_date": "10/17/2023 09:59PM UTC",
            "kitting_details": "Primary:1x4006387120597",
            "status": "open",
            "intrinsic_value": 45.07,
            "gg_account_number": "001Hr00001onSMEIA2, 001Hr00001onSM4IAM, 001Hr00001onSLzIAM, 001Hr00001onSCWIA2, 001Hr00001onSMJIA2, 001Hr00001onSMTIA2",
            "groupon_cost": 45.60,
            "discount": 5.00,
            "voucher_code": "",
            "permalink": "006Hr00001MVZMb",
            "name": "Brita Filtro per acqua originale BRITA MAXTRA PRO All-in-1 Pack 12",
            "po_number": null,
            "fulfillment_lineitem_id": "1178489874",
            "hts_code": "85166070",
            "gift_message": "",
            "order_line_item_uuid": "870ea944-6aa9-11ee-b854-7e45a433d616",
            "coo": "",
            "quantity": 1
        }],
        "customer": {
            "city": "MESSINA",
            "state": "ME",
            "billing_address": {
                "city": "MESSINA",
                "state": "ME",
                "name": "VANESSA BUSCEMI",
                "zip": "98121",
                "country": "IT",
                "address1": "VIA PALERMO VICOLO FAMIGLIA ",
                "address2": "",
                "phone": ""
            },
            "invoice_url": "",
            "name": "VANESSA BUSCEMI",
            "zip": "98121",
            "country": "IT",
            "address1": "VIA PALERMO VICOLO FAMIGLIA ",
            "address2": "BENSAIA 405 ",
            "phone": "3755086172"
        },
        "shipping": {
            "product_dimension_unit": "cm",
            "product_weight_unit": "kg",
            "product_weight": "1.0",
            "incoterms": "",
            "3PL_warehouse": "",
            "3PL_name": "",
            "product_width": "5.0",
            "product_length": "5.0",
            "carrier": "",
            "product_height": "5.0",
            "method": "standard"
        }
    }, {
        "orderid": "1471520669",
        "parent_orderid": null,
        "amount": {
            "total": 59.99,
            "shipping": 0
        },
        "date": "10/15/2023 10:15AM UTC",
        "fulfillment_method": "Drop Ship (Marketplace)",
        "opp_id": "006Hr00001MVZMb",
        "supplier": "I.G.L.M. ELECTRONIC SRL",
        "line_items": [{
            "weight": "1.0",
            "bom_sku": "1050420",
            "opp_name": "#HERO23 Brita Filtro per acqua originale BRITA MAXTRA PRO All-in-1 Pack 12 - SETTEMBRE - OCT 2023__DSN-vetted - #AIgen",
            "ci_lineitemid": 538393967,
            "sku": "4006387120597",
            "custom_field_value": "Merchant VAT responsible",
            "channel_sku_provided": "a0YHr00000ZhcKG",
            "unit_price": 59.99,
            "ship_by_date": "10/17/2023 09:59PM UTC",
            "kitting_details": "Primary:1x4006387120597",
            "status": "open",
            "intrinsic_value": 49.17,
            "gg_account_number": "001Hr00001onSMEIA2, 001Hr00001onSM4IAM, 001Hr00001onSLzIAM, 001Hr00001onSCWIA2, 001Hr00001onSMJIA2, 001Hr00001onSMTIA2",
            "groupon_cost": 45.60,
            "discount": 0,
            "voucher_code": "",
            "permalink": "006Hr00001MVZMb",
            "name": "Brita Filtro per acqua originale BRITA MAXTRA PRO All-in-1 Pack 12",
            "po_number": null,
            "fulfillment_lineitem_id": "1178492220",
            "hts_code": "85166070",
            "gift_message": "",
            "order_line_item_uuid": "5a37307a-6b2c-11ee-8c1b-fa1f47dfe582",
            "coo": "",
            "quantity": 1
        }],
        "customer": {
            "city": "Santa Marinella",
            "state": "RM",
            "billing_address": {
                "city": "Santa Marinella",
                "state": "RM",
                "name": "Laura D\u2019Ambra",
                "zip": "00058",
                "country": "IT",
                "address1": "Via Flaminia Odescalchi 63",
                "address2": "",
                "phone": ""
            },
            "invoice_url": "",
            "name": "Laura D\u2019Ambra",
            "zip": "00058",
            "country": "IT",
            "address1": "Via Flaminia Odescalchi 63",
            "address2": "",
            "phone": "3482749336"
        },
        "shipping": {
            "product_dimension_unit": "cm",
            "product_weight_unit": "kg",
            "product_weight": "1.0",
            "incoterms": "",
            "3PL_warehouse": "",
            "3PL_name": "",
            "product_width": "5.0",
            "product_length": "5.0",
            "carrier": "",
            "product_height": "5.0",
            "method": "standard"
        }
    }, {
        "orderid": "1471523863",
        "parent_orderid": null,
        "amount": {
            "total": 59.99,
            "shipping": 0
        },
        "date": "10/15/2023 07:00PM UTC",
        "fulfillment_method": "Drop Ship (Marketplace)",
        "opp_id": "006Hr00001MVZMb",
        "supplier": "I.G.L.M. ELECTRONIC SRL",
        "line_items": [{
            "weight": "1.0",
            "bom_sku": "1050420",
            "opp_name": "#HERO23 Brita Filtro per acqua originale BRITA MAXTRA PRO All-in-1 Pack 12 - SETTEMBRE - OCT 2023__DSN-vetted - #AIgen",
            "ci_lineitemid": 538399046,
            "sku": "4006387120597",
            "custom_field_value": "Merchant VAT responsible",
            "channel_sku_provided": "a0YHr00000ZhcKG",
            "unit_price": 59.99,
            "ship_by_date": "10/17/2023 09:59PM UTC",
            "kitting_details": "Primary:1x4006387120597",
            "status": "open",
            "intrinsic_value": 49.17,
            "gg_account_number": "001Hr00001onSMEIA2, 001Hr00001onSM4IAM, 001Hr00001onSLzIAM, 001Hr00001onSCWIA2, 001Hr00001onSMJIA2, 001Hr00001onSMTIA2",
            "groupon_cost": 45.60,
            "discount": 0,
            "voucher_code": "",
            "permalink": "006Hr00001MVZMb",
            "name": "Brita Filtro per acqua originale BRITA MAXTRA PRO All-in-1 Pack 12",
            "po_number": null,
            "fulfillment_lineitem_id": "1178495420",
            "hts_code": "85166070",
            "gift_message": "",
            "order_line_item_uuid": "baf9e21e-6b76-11ee-888e-6a7a6c149ba9",
            "coo": "",
            "quantity": 1
        }],
        "customer": {
            "city": "PINEROLO",
            "state": "TO",
            "billing_address": {
                "city": "PINEROLO",
                "state": "TO",
                "name": "Stefano Biscaro",
                "zip": "10064",
                "country": "IT",
                "address1": "VIALE CAVALIERI D'ITALIA 6",
                "address2": "",
                "phone": ""
            },
            "invoice_url": "",
            "name": "Stefano Biscaro",
            "zip": "10064",
            "country": "IT",
            "address1": "VIALE CAVALIERI D'ITALIA 6",
            "address2": "CASERMA CARABINIERI",
            "phone": "3403081688"
        },
        "shipping": {
            "product_dimension_unit": "cm",
            "product_weight_unit": "kg",
            "product_weight": "1.0",
            "incoterms": "",
            "3PL_warehouse": "",
            "3PL_name": "",
            "product_width": "5.0",
            "product_length": "5.0",
            "carrier": "",
            "product_height": "5.0",
            "method": "standard"
        }
    }, {
        "orderid": "1471524243",
        "parent_orderid": null,
        "amount": {
            "total": 65.99,
            "shipping": 0
        },
        "date": "10/15/2023 08:15PM UTC",
        "fulfillment_method": "Drop Ship (Marketplace)",
        "opp_id": "006Hr00001MVnIj",
        "supplier": "I.G.L.M. ELECTRONIC SRL",
        "line_items": [{
            "weight": "1.0",
            "bom_sku": "1050420",
            "opp_name": "#TREND23 Brita Filtro per acqua originale BRITA MAXTRA PRO All-in-1 Pack 12 - SETTEMBR - OCT 2023__DSN-vetted - #AIgen",
            "ci_lineitemid": 538399858,
            "sku": "4006387120597",
            "custom_field_value": "Merchant VAT responsible",
            "channel_sku_provided": "a0YHr00000Zhgp5",
            "unit_price": 65.99,
            "ship_by_date": "10/17/2023 09:59PM UTC",
            "kitting_details": "Primary:1x4006387120597",
            "status": "open",
            "intrinsic_value": 54.99,
            "gg_account_number": "001Hr00001onSMEIA2, 001Hr00001onSM4IAM, 001Hr00001onSLzIAM, 001Hr00001onSCWIA2, 001Hr00001onSMJIA2, 001Hr00001onSMTIA2",
            "groupon_cost": 49.60,
            "discount": 0,
            "voucher_code": "",
            "permalink": "006Hr00001MVnIj",
            "name": "Brita Filtro per acqua originale BRITA MAXTRA PRO All-in-1 Pack 12",
            "po_number": null,
            "fulfillment_lineitem_id": "1178495799",
            "hts_code": "85166070",
            "gift_message": "",
            "order_line_item_uuid": "54ca40c4-6b80-11ee-a714-da3c941b9bb9",
            "coo": "",
            "quantity": 1
        }],
        "customer": {
            "city": "STRASBOURG",
            "state": "",
            "billing_address": {
                "city": "STRASBOURG",
                "state": "",
                "name": "REPR\u00c9SENTATION PERM TURQUIE",
                "zip": "67000",
                "country": "FR",
                "address1": "1 RUE TOREAU",
                "address2": "",
                "phone": ""
            },
            "invoice_url": "",
            "name": "REPR\u00c9SENTATION PERM TURQUIE",
            "zip": "67000",
            "country": "FR",
            "address1": "1 RUE TOREAU",
            "address2": "CANAN CAN \u00c7ELIK",
            "phone": "0768858289"
        },
        "shipping": {
            "product_dimension_unit": "cm",
            "product_weight_unit": "kg",
            "product_weight": "1.0",
            "incoterms": "",
            "3PL_warehouse": "",
            "3PL_name": "",
            "product_width": "5.0",
            "product_length": "5.0",
            "carrier": "",
            "product_height": "5.0",
            "method": "standard"
        }
    }, {
        "orderid": "1471513989",
        "parent_orderid": null,
        "amount": {
            "total": 59.99,
            "shipping": 0
        },
        "date": "10/13/2023 09:15PM UTC",
        "fulfillment_method": "Drop Ship (Marketplace)",
        "opp_id": "006Hr00001MVZMb",
        "supplier": "I.G.L.M. ELECTRONIC SRL",
        "line_items": [{
            "weight": "1.0",
            "bom_sku": "1050420",
            "opp_name": "#HERO23 Brita Filtro per acqua originale BRITA MAXTRA PRO All-in-1 Pack 12 - SETTEMBRE - OCT 2023__DSN-vetted - #AIgen",
            "ci_lineitemid": 538374562,
            "sku": "4006387120597",
            "custom_field_value": "Merchant VAT responsible",
            "channel_sku_provided": "a0YHr00000ZhcKG",
            "unit_price": 59.99,
            "ship_by_date": "10/17/2023 09:59PM UTC",
            "kitting_details": "Primary:1x4006387120597",
            "status": "open",
            "intrinsic_value": 46.71,
            "gg_account_number": "001Hr00001onSMEIA2, 001Hr00001onSM4IAM, 001Hr00001onSLzIAM, 001Hr00001onSCWIA2, 001Hr00001onSMJIA2, 001Hr00001onSMTIA2",
            "groupon_cost": 45.60,
            "discount": 3.00,
            "voucher_code": "",
            "permalink": "006Hr00001MVZMb",
            "name": "Brita Filtro per acqua originale BRITA MAXTRA PRO All-in-1 Pack 12",
            "po_number": null,
            "fulfillment_lineitem_id": "1178485536",
            "hts_code": "85166070",
            "gift_message": "",
            "order_line_item_uuid": "446f0320-69f7-11ee-b4a6-da3c941b9bb9",
            "coo": "",
            "quantity": 1
        }],
        "customer": {
            "city": "GHEDI",
            "state": "BS",
            "billing_address": {
                "city": "GHEDI",
                "state": "BS",
                "name": "Marco Berardi",
                "zip": "25016",
                "country": "IT",
                "address1": "STRADA CASTENEDOLO 38A",
                "address2": "",
                "phone": ""
            },
            "invoice_url": "",
            "name": "Marco Berardi",
            "zip": "25016",
            "country": "IT",
            "address1": "STRADA CASTENEDOLO 38A",
            "address2": "",
            "phone": "3471080413"
        },
        "shipping": {
            "product_dimension_unit": "cm",
            "product_weight_unit": "kg",
            "product_weight": "1.0",
            "incoterms": "",
            "3PL_warehouse": "",
            "3PL_name": "",
            "product_width": "5.0",
            "product_length": "5.0",
            "carrier": "",
            "product_height": "5.0",
            "method": "standard"
        }
    }, {
        "orderid": "1471516870",
        "parent_orderid": null,
        "amount": {
            "total": 59.99,
            "shipping": 0
        },
        "date": "10/14/2023 02:15PM UTC",
        "fulfillment_method": "Drop Ship (Marketplace)",
        "opp_id": "006Hr00001MVZMb",
        "supplier": "I.G.L.M. ELECTRONIC SRL",
        "line_items": [{
            "weight": "1.0",
            "bom_sku": "1050420",
            "opp_name": "#HERO23 Brita Filtro per acqua originale BRITA MAXTRA PRO All-in-1 Pack 12 - SETTEMBRE - OCT 2023__DSN-vetted - #AIgen",
            "ci_lineitemid": 538382278,
            "sku": "4006387120597",
            "custom_field_value": "Merchant VAT responsible",
            "channel_sku_provided": "a0YHr00000ZhcKG",
            "unit_price": 59.99,
            "ship_by_date": "10/17/2023 09:59PM UTC",
            "kitting_details": "Primary:1x4006387120597",
            "status": "open",
            "intrinsic_value": 49.17,
            "gg_account_number": "001Hr00001onSMEIA2, 001Hr00001onSM4IAM, 001Hr00001onSLzIAM, 001Hr00001onSCWIA2, 001Hr00001onSMJIA2, 001Hr00001onSMTIA2",
            "groupon_cost": 45.60,
            "discount": 0,
            "voucher_code": "",
            "permalink": "006Hr00001MVZMb",
            "name": "Brita Filtro per acqua originale BRITA MAXTRA PRO All-in-1 Pack 12",
            "po_number": null,
            "fulfillment_lineitem_id": "1178488357",
            "hts_code": "85166070",
            "gift_message": "",
            "order_line_item_uuid": "89b49d6c-6a85-11ee-96ae-6a7a6c149ba9",
            "coo": "",
            "quantity": 1
        }],
        "customer": {
            "city": "PREVALLE",
            "state": "BS",
            "billing_address": {
                "city": "PREVALLE",
                "state": "BS",
                "name": "SUSANNA MOMBELLI",
                "zip": "25080",
                "country": "IT",
                "address1": "VIA DON BONSIGNORI 55 SUONARE ",
                "address2": "",
                "phone": ""
            },
            "invoice_url": "",
            "name": "SUSANNA MOMBELLI",
            "zip": "25080",
            "country": "IT",
            "address1": "VIA DON BONSIGNORI 55 SUONARE ",
            "address2": "CAMPANELLO   LM ELETTRONIC",
            "phone": "3451711969"
        },
        "shipping": {
            "product_dimension_unit": "cm",
            "product_weight_unit": "kg",
            "product_weight": "1.0",
            "incoterms": "",
            "3PL_warehouse": "",
            "3PL_name": "",
            "product_width": "5.0",
            "product_length": "5.0",
            "carrier": "",
            "product_height": "5.0",
            "method": "standard"
        }
    }, {
        "orderid": "1471516872",
        "parent_orderid": null,
        "amount": {
            "total": 59.99,
            "shipping": 0
        },
        "date": "10/14/2023 02:15PM UTC",
        "fulfillment_method": "Drop Ship (Marketplace)",
        "opp_id": "006Hr00001MVZMb",
        "supplier": "I.G.L.M. ELECTRONIC SRL",
        "line_items": [{
            "weight": "1.0",
            "bom_sku": "1050420",
            "opp_name": "#HERO23 Brita Filtro per acqua originale BRITA MAXTRA PRO All-in-1 Pack 12 - SETTEMBRE - OCT 2023__DSN-vetted - #AIgen",
            "ci_lineitemid": 538382303,
            "sku": "4006387120597",
            "custom_field_value": "Merchant VAT responsible",
            "channel_sku_provided": "a0YHr00000ZhcKG",
            "unit_price": 59.99,
            "ship_by_date": "10/17/2023 09:59PM UTC",
            "kitting_details": "Primary:1x4006387120597",
            "status": "open",
            "intrinsic_value": 49.17,
            "gg_account_number": "001Hr00001onSMEIA2, 001Hr00001onSM4IAM, 001Hr00001onSLzIAM, 001Hr00001onSCWIA2, 001Hr00001onSMJIA2, 001Hr00001onSMTIA2",
            "groupon_cost": 45.60,
            "discount": 0,
            "voucher_code": "",
            "permalink": "006Hr00001MVZMb",
            "name": "Brita Filtro per acqua originale BRITA MAXTRA PRO All-in-1 Pack 12",
            "po_number": null,
            "fulfillment_lineitem_id": "1178488370",
            "hts_code": "85166070",
            "gift_message": "",
            "order_line_item_uuid": "ebbe7718-6a84-11ee-a89d-da3c941b9bb9",
            "coo": "",
            "quantity": 1
        }],
        "customer": {
            "city": "PROVAGLIO D'ISEO",
            "state": "BS",
            "billing_address": {
                "city": "PROVAGLIO D'ISEO",
                "state": "BS",
                "name": "ANNA VEZZOLI",
                "zip": "25050",
                "country": "IT",
                "address1": "VIA GIACOMO MATTEOTTI 19",
                "address2": "",
                "phone": ""
            },
            "invoice_url": "",
            "name": "ANNA VEZZOLI",
            "zip": "25050",
            "country": "IT",
            "address1": "VIA GIACOMO MATTEOTTI 19",
            "address2": "PROVAGLIO D\u2019ISEO",
            "phone": "3312804694"
        },
        "shipping": {
            "product_dimension_unit": "cm",
            "product_weight_unit": "kg",
            "product_weight": "1.0",
            "incoterms": "",
            "3PL_warehouse": "",
            "3PL_name": "",
            "product_width": "5.0",
            "product_length": "5.0",
            "carrier": "",
            "product_height": "5.0",
            "method": "standard"
        }
    }, {
        "orderid": "1471516290",
        "parent_orderid": null,
        "amount": {
            "total": 59.99,
            "shipping": 0
        },
        "date": "10/14/2023 12:45PM UTC",
        "fulfillment_method": "Drop Ship (Marketplace)",
        "opp_id": "006Hr00001MVZMb",
        "supplier": "I.G.L.M. ELECTRONIC SRL",
        "line_items": [{
            "weight": "1.0",
            "bom_sku": "1050420",
            "opp_name": "#HERO23 Brita Filtro per acqua originale BRITA MAXTRA PRO All-in-1 Pack 12 - SETTEMBRE - OCT 2023__DSN-vetted - #AIgen",
            "ci_lineitemid": 538381508,
            "sku": "4006387120597",
            "custom_field_value": "Merchant VAT responsible",
            "channel_sku_provided": "a0YHr00000ZhcKG",
            "unit_price": 59.99,
            "ship_by_date": "10/17/2023 09:59PM UTC",
            "kitting_details": "Primary:1x4006387120597",
            "status": "open",
            "intrinsic_value": 49.17,
            "gg_account_number": "001Hr00001onSMEIA2, 001Hr00001onSM4IAM, 001Hr00001onSLzIAM, 001Hr00001onSCWIA2, 001Hr00001onSMJIA2, 001Hr00001onSMTIA2",
            "groupon_cost": 45.60,
            "discount": 0,
            "voucher_code": "",
            "permalink": "006Hr00001MVZMb",
            "name": "Brita Filtro per acqua originale BRITA MAXTRA PRO All-in-1 Pack 12",
            "po_number": null,
            "fulfillment_lineitem_id": "1178487790",
            "hts_code": "85166070",
            "gift_message": "",
            "order_line_item_uuid": "c93413ee-6a78-11ee-9c0f-da3c941b9bb9",
            "coo": "",
            "quantity": 1
        }],
        "customer": {
            "city": "ROMA",
            "state": "RM",
            "billing_address": {
                "city": "ROMA",
                "state": "RM",
                "name": "Antonella Chiapperini",
                "zip": "00168",
                "country": "IT",
                "address1": "VIA SAVIGNONE 13",
                "address2": "",
                "phone": ""
            },
            "invoice_url": "",
            "name": "Antonella Chiapperini",
            "zip": "00168",
            "country": "IT",
            "address1": "VIA SAVIGNONE 13",
            "address2": "",
            "phone": "3382943559"
        },
        "shipping": {
            "product_dimension_unit": "cm",
            "product_weight_unit": "kg",
            "product_weight": "1.0",
            "incoterms": "",
            "3PL_warehouse": "",
            "3PL_name": "",
            "product_width": "5.0",
            "product_length": "5.0",
            "carrier": "",
            "product_height": "5.0",
            "method": "standard"
        }
    }, {
        "orderid": "1471513132",
        "parent_orderid": null,
        "amount": {
            "total": 59.99,
            "shipping": 0
        },
        "date": "10/13/2023 05:45PM UTC",
        "fulfillment_method": "Drop Ship (Marketplace)",
        "opp_id": "006Hr00001MVZMb",
        "supplier": "I.G.L.M. ELECTRONIC SRL",
        "line_items": [{
            "weight": "1.0",
            "bom_sku": "1050420",
            "opp_name": "#HERO23 Brita Filtro per acqua originale BRITA MAXTRA PRO All-in-1 Pack 12 - SETTEMBRE - OCT 2023__DSN-vetted - #AIgen",
            "ci_lineitemid": 538372222,
            "sku": "4006387120597",
            "custom_field_value": "Merchant VAT responsible",
            "channel_sku_provided": "a0YHr00000ZhcKG",
            "unit_price": 59.99,
            "ship_by_date": "10/17/2023 09:59PM UTC",
            "kitting_details": "Primary:1x4006387120597",
            "status": "open",
            "intrinsic_value": 49.17,
            "gg_account_number": "001Hr00001onSMEIA2, 001Hr00001onSM4IAM, 001Hr00001onSLzIAM, 001Hr00001onSCWIA2, 001Hr00001onSMJIA2, 001Hr00001onSMTIA2",
            "groupon_cost": 45.60,
            "discount": 0,
            "voucher_code": "",
            "permalink": "006Hr00001MVZMb",
            "name": "Brita Filtro per acqua originale BRITA MAXTRA PRO All-in-1 Pack 12",
            "po_number": null,
            "fulfillment_lineitem_id": "1178484689",
            "hts_code": "85166070",
            "gift_message": "",
            "order_line_item_uuid": "3eaa0f06-69da-11ee-a7fa-fa1f47dfe582",
            "coo": "",
            "quantity": 1
        }],
        "customer": {
            "city": "Milano",
            "state": "MI",
            "billing_address": {
                "city": "Milano",
                "state": "MI",
                "name": "Maria Teresa Fiscina",
                "zip": "20131",
                "country": "IT",
                "address1": "Via Ruggero Leoncavallo 6",
                "address2": "",
                "phone": ""
            },
            "invoice_url": "",
            "name": "Maria Teresa Fiscina",
            "zip": "20131",
            "country": "IT",
            "address1": "Via Ruggero Leoncavallo 6",
            "address2": "",
            "phone": "3474497841"
        },
        "shipping": {
            "product_dimension_unit": "cm",
            "product_weight_unit": "kg",
            "product_weight": "1.0",
            "incoterms": "",
            "3PL_warehouse": "",
            "3PL_name": "",
            "product_width": "5.0",
            "product_length": "5.0",
            "carrier": "",
            "product_height": "5.0",
            "method": "standard"
        }
    }, {
        "orderid": "1471518699",
        "parent_orderid": null,
        "amount": {
            "total": 59.99,
            "shipping": 0
        },
        "date": "10/14/2023 07:30PM UTC",
        "fulfillment_method": "Drop Ship (Marketplace)",
        "opp_id": "006Hr00001MVZMb",
        "supplier": "I.G.L.M. ELECTRONIC SRL",
        "line_items": [{
            "weight": "1.0",
            "bom_sku": "1050420",
            "opp_name": "#HERO23 Brita Filtro per acqua originale BRITA MAXTRA PRO All-in-1 Pack 12 - SETTEMBRE - OCT 2023__DSN-vetted - #AIgen",
            "ci_lineitemid": 538386352,
            "sku": "4006387120597",
            "custom_field_value": "Merchant VAT responsible",
            "channel_sku_provided": "a0YHr00000ZhcKG",
            "unit_price": 59.99,
            "ship_by_date": "10/17/2023 09:59PM UTC",
            "kitting_details": "Primary:1x4006387120597",
            "status": "open",
            "intrinsic_value": 49.17,
            "gg_account_number": "001Hr00001onSMEIA2, 001Hr00001onSM4IAM, 001Hr00001onSLzIAM, 001Hr00001onSCWIA2, 001Hr00001onSMJIA2, 001Hr00001onSMTIA2",
            "groupon_cost": 45.60,
            "discount": 0,
            "voucher_code": "",
            "permalink": "006Hr00001MVZMb",
            "name": "Brita Filtro per acqua originale BRITA MAXTRA PRO All-in-1 Pack 12",
            "po_number": null,
            "fulfillment_lineitem_id": "1178490244",
            "hts_code": "85166070",
            "gift_message": "",
            "order_line_item_uuid": "bec054b6-6ab1-11ee-8c1b-fa1f47dfe582",
            "coo": "",
            "quantity": 1
        }],
        "customer": {
            "city": "Roma",
            "state": "RM",
            "billing_address": {
                "city": "Roma",
                "state": "RM",
                "name": "pierpaolo blasetti",
                "zip": "00139",
                "country": "IT",
                "address1": "Via Giovanni Conti 155",
                "address2": "",
                "phone": ""
            },
            "invoice_url": "",
            "name": "pierpaolo blasetti",
            "zip": "00139",
            "country": "IT",
            "address1": "Via Giovanni Conti 155",
            "address2": "se assente citofonare cassuoli",
            "phone": "3346011564"
        },
        "shipping": {
            "product_dimension_unit": "cm",
            "product_weight_unit": "kg",
            "product_weight": "1.0",
            "incoterms": "",
            "3PL_warehouse": "",
            "3PL_name": "",
            "product_width": "5.0",
            "product_length": "5.0",
            "carrier": "",
            "product_height": "5.0",
            "method": "standard"
        }
    }, {
        "orderid": "1471512928",
        "parent_orderid": null,
        "amount": {
            "total": 59.99,
            "shipping": 0
        },
        "date": "10/13/2023 05:15PM UTC",
        "fulfillment_method": "Drop Ship (Marketplace)",
        "opp_id": "006Hr00001MVZMb",
        "supplier": "I.G.L.M. ELECTRONIC SRL",
        "line_items": [{
            "weight": "1.0",
            "bom_sku": "1050420",
            "opp_name": "#HERO23 Brita Filtro per acqua originale BRITA MAXTRA PRO All-in-1 Pack 12 - SETTEMBRE - OCT 2023__DSN-vetted - #AIgen",
            "ci_lineitemid": 538371785,
            "sku": "4006387120597",
            "custom_field_value": "Merchant VAT responsible",
            "channel_sku_provided": "a0YHr00000ZhcKG",
            "unit_price": 59.99,
            "ship_by_date": "10/17/2023 09:59PM UTC",
            "kitting_details": "Primary:1x4006387120597",
            "status": "open",
            "intrinsic_value": 46.71,
            "gg_account_number": "001Hr00001onSMEIA2, 001Hr00001onSM4IAM, 001Hr00001onSLzIAM, 001Hr00001onSCWIA2, 001Hr00001onSMJIA2, 001Hr00001onSMTIA2",
            "groupon_cost": 45.60,
            "discount": 3.00,
            "voucher_code": "",
            "permalink": "006Hr00001MVZMb",
            "name": "Brita Filtro per acqua originale BRITA MAXTRA PRO All-in-1 Pack 12",
            "po_number": null,
            "fulfillment_lineitem_id": "1178484485",
            "hts_code": "85166070",
            "gift_message": "",
            "order_line_item_uuid": "e715fd0e-69d4-11ee-a7fa-fa1f47dfe582",
            "coo": "",
            "quantity": 1
        }],
        "customer": {
            "city": "POTENZA",
            "state": "PZ",
            "billing_address": {
                "city": "POTENZA",
                "state": "PZ",
                "name": "Carmela Tortorelli",
                "zip": "85100",
                "country": "IT",
                "address1": "VIALE GUGLIELMO MARCONI 67",
                "address2": "",
                "phone": ""
            },
            "invoice_url": "",
            "name": "Carmela Tortorelli",
            "zip": "85100",
            "country": "IT",
            "address1": "VIALE GUGLIELMO MARCONI 67",
            "address2": "TELEFONARE AL 3928352112",
            "phone": "3928352112"
        },
        "shipping": {
            "product_dimension_unit": "cm",
            "product_weight_unit": "kg",
            "product_weight": "1.0",
            "incoterms": "",
            "3PL_warehouse": "",
            "3PL_name": "",
            "product_width": "5.0",
            "product_length": "5.0",
            "carrier": "",
            "product_height": "5.0",
            "method": "standard"
        }
    }, {
        "orderid": "1471516213",
        "parent_orderid": null,
        "amount": {
            "total": 59.99,
            "shipping": 0
        },
        "date": "10/14/2023 12:45PM UTC",
        "fulfillment_method": "Drop Ship (Marketplace)",
        "opp_id": "006Hr00001MVZMb",
        "supplier": "I.G.L.M. ELECTRONIC SRL",
        "line_items": [{
            "weight": "1.0",
            "bom_sku": "1050420",
            "opp_name": "#HERO23 Brita Filtro per acqua originale BRITA MAXTRA PRO All-in-1 Pack 12 - SETTEMBRE - OCT 2023__DSN-vetted - #AIgen",
            "ci_lineitemid": 538381467,
            "sku": "4006387120597",
            "custom_field_value": "Merchant VAT responsible",
            "channel_sku_provided": "a0YHr00000ZhcKG",
            "unit_price": 59.99,
            "ship_by_date": "10/17/2023 09:59PM UTC",
            "kitting_details": "Primary:1x4006387120597",
            "status": "open",
            "intrinsic_value": 49.17,
            "gg_account_number": "001Hr00001onSMEIA2, 001Hr00001onSM4IAM, 001Hr00001onSLzIAM, 001Hr00001onSCWIA2, 001Hr00001onSMJIA2, 001Hr00001onSMTIA2",
            "groupon_cost": 45.60,
            "discount": 0,
            "voucher_code": "",
            "permalink": "006Hr00001MVZMb",
            "name": "Brita Filtro per acqua originale BRITA MAXTRA PRO All-in-1 Pack 12",
            "po_number": null,
            "fulfillment_lineitem_id": "1178487761",
            "hts_code": "85166070",
            "gift_message": "",
            "order_line_item_uuid": "f1843bea-6a77-11ee-ac59-da186a83b130",
            "coo": "",
            "quantity": 1
        }],
        "customer": {
            "city": "Ittiri",
            "state": "SS",
            "billing_address": {
                "city": "Ittiri",
                "state": "SS",
                "name": "Gian Mario Scanu",
                "zip": "07044",
                "country": "IT",
                "address1": "Piazza del Donatore 26",
                "address2": "",
                "phone": ""
            },
            "invoice_url": "",
            "name": "Gian Mario Scanu",
            "zip": "07044",
            "country": "IT",
            "address1": "Piazza del Donatore 26",
            "address2": "",
            "phone": "3492963091"
        },
        "shipping": {
            "product_dimension_unit": "cm",
            "product_weight_unit": "kg",
            "product_weight": "1.0",
            "incoterms": "",
            "3PL_warehouse": "",
            "3PL_name": "",
            "product_width": "5.0",
            "product_length": "5.0",
            "carrier": "",
            "product_height": "5.0",
            "method": "standard"
        }
    }, {
        "orderid": "1471525114",
        "parent_orderid": null,
        "amount": {
            "total": 59.99,
            "shipping": 0
        },
        "date": "10/15/2023 10:30PM UTC",
        "fulfillment_method": "Drop Ship (Marketplace)",
        "opp_id": "006Hr00001MVZMb",
        "supplier": "I.G.L.M. ELECTRONIC SRL",
        "line_items": [{
            "weight": "1.0",
            "bom_sku": "1050420",
            "opp_name": "#HERO23 Brita Filtro per acqua originale BRITA MAXTRA PRO All-in-1 Pack 12 - SETTEMBRE - OCT 2023__DSN-vetted - #AIgen",
            "ci_lineitemid": 538401725,
            "sku": "4006387120597",
            "custom_field_value": "Merchant VAT responsible",
            "channel_sku_provided": "a0YHr00000ZhcKG",
            "unit_price": 59.99,
            "ship_by_date": "10/17/2023 09:59PM UTC",
            "kitting_details": "Primary:1x4006387120597",
            "status": "open",
            "intrinsic_value": 49.17,
            "gg_account_number": "001Hr00001onSMEIA2, 001Hr00001onSM4IAM, 001Hr00001onSLzIAM, 001Hr00001onSCWIA2, 001Hr00001onSMJIA2, 001Hr00001onSMTIA2",
            "groupon_cost": 45.60,
            "discount": 0,
            "voucher_code": "",
            "permalink": "006Hr00001MVZMb",
            "name": "Brita Filtro per acqua originale BRITA MAXTRA PRO All-in-1 Pack 12",
            "po_number": null,
            "fulfillment_lineitem_id": "1178496667",
            "hts_code": "85166070",
            "gift_message": "",
            "order_line_item_uuid": "c6feeb56-6b92-11ee-93c9-da186a83b130",
            "coo": "",
            "quantity": 1
        }],
        "customer": {
            "city": "Concesio",
            "state": "BS",
            "billing_address": {
                "city": "Concesio",
                "state": "BS",
                "name": "Riccardo Bettoni",
                "zip": "25062",
                "country": "IT",
                "address1": "Via Fratelli Lodrone 83",
                "address2": "",
                "phone": ""
            },
            "invoice_url": "",
            "name": "Riccardo Bettoni",
            "zip": "25062",
            "country": "IT",
            "address1": "Via Fratelli Lodrone 83",
            "address2": "",
            "phone": "3406477390"
        },
        "shipping": {
            "product_dimension_unit": "cm",
            "product_weight_unit": "kg",
            "product_weight": "1.0",
            "incoterms": "",
            "3PL_warehouse": "",
            "3PL_name": "",
            "product_width": "5.0",
            "product_length": "5.0",
            "carrier": "",
            "product_height": "5.0",
            "method": "standard"
        }
    }, {
        "orderid": "1471521569",
        "parent_orderid": null,
        "amount": {
            "total": 59.99,
            "shipping": 0
        },
        "date": "10/15/2023 12:45PM UTC",
        "fulfillment_method": "Drop Ship (Marketplace)",
        "opp_id": "006Hr00001MVZMb",
        "supplier": "I.G.L.M. ELECTRONIC SRL",
        "line_items": [{
            "weight": "1.0",
            "bom_sku": "1050420",
            "opp_name": "#HERO23 Brita Filtro per acqua originale BRITA MAXTRA PRO All-in-1 Pack 12 - SETTEMBRE - OCT 2023__DSN-vetted - #AIgen",
            "ci_lineitemid": 538395049,
            "sku": "4006387120597",
            "custom_field_value": "Merchant VAT responsible",
            "channel_sku_provided": "a0YHr00000ZhcKG",
            "unit_price": 59.99,
            "ship_by_date": "10/17/2023 09:59PM UTC",
            "kitting_details": "Primary:1x4006387120597",
            "status": "open",
            "intrinsic_value": 46.71,
            "gg_account_number": "001Hr00001onSMEIA2, 001Hr00001onSM4IAM, 001Hr00001onSLzIAM, 001Hr00001onSCWIA2, 001Hr00001onSMJIA2, 001Hr00001onSMTIA2",
            "groupon_cost": 45.60,
            "discount": 3.00,
            "voucher_code": "",
            "permalink": "006Hr00001MVZMb",
            "name": "Brita Filtro per acqua originale BRITA MAXTRA PRO All-in-1 Pack 12",
            "po_number": null,
            "fulfillment_lineitem_id": "1178493123",
            "hts_code": "85166070",
            "gift_message": "",
            "order_line_item_uuid": "4c1d5170-6b42-11ee-9906-86f365499b0e",
            "coo": "",
            "quantity": 1
        }],
        "customer": {
            "city": "FONTANAFREDDA",
            "state": "PN",
            "billing_address": {
                "city": "FONTANAFREDDA",
                "state": "PN",
                "name": "ROSARIA ANNA MONTINARO",
                "zip": "33074",
                "country": "IT",
                "address1": "VIA CROSETTA 8/B",
                "address2": "",
                "phone": ""
            },
            "invoice_url": "",
            "name": "ROSARIA ANNA MONTINARO",
            "zip": "33074",
            "country": "IT",
            "address1": "VIA CROSETTA 8/B",
            "address2": "",
            "phone": "3299383707"
        },
        "shipping": {
            "product_dimension_unit": "cm",
            "product_weight_unit": "kg",
            "product_weight": "1.0",
            "incoterms": "",
            "3PL_warehouse": "",
            "3PL_name": "",
            "product_width": "5.0",
            "product_length": "5.0",
            "carrier": "",
            "product_height": "5.0",
            "method": "standard"
        }
    }, {
        "orderid": "1471521210",
        "parent_orderid": null,
        "amount": {
            "total": 59.99,
            "shipping": 0
        },
        "date": "10/15/2023 11:45AM UTC",
        "fulfillment_method": "Drop Ship (Marketplace)",
        "opp_id": "006Hr00001MVZMb",
        "supplier": "I.G.L.M. ELECTRONIC SRL",
        "line_items": [{
            "weight": "1.0",
            "bom_sku": "1050420",
            "opp_name": "#HERO23 Brita Filtro per acqua originale BRITA MAXTRA PRO All-in-1 Pack 12 - SETTEMBRE - OCT 2023__DSN-vetted - #AIgen",
            "ci_lineitemid": 538394637,
            "sku": "4006387120597",
            "custom_field_value": "Merchant VAT responsible",
            "channel_sku_provided": "a0YHr00000ZhcKG",
            "unit_price": 59.99,
            "ship_by_date": "10/17/2023 09:59PM UTC",
            "kitting_details": "Primary:1x4006387120597",
            "status": "open",
            "intrinsic_value": 49.17,
            "gg_account_number": "001Hr00001onSMEIA2, 001Hr00001onSM4IAM, 001Hr00001onSLzIAM, 001Hr00001onSCWIA2, 001Hr00001onSMJIA2, 001Hr00001onSMTIA2",
            "groupon_cost": 45.60,
            "discount": 0,
            "voucher_code": "",
            "permalink": "006Hr00001MVZMb",
            "name": "Brita Filtro per acqua originale BRITA MAXTRA PRO All-in-1 Pack 12",
            "po_number": null,
            "fulfillment_lineitem_id": "1178492743",
            "hts_code": "85166070",
            "gift_message": "",
            "order_line_item_uuid": "636c46f0-6b39-11ee-967f-cacab61f1ae1",
            "coo": "",
            "quantity": 1
        }],
        "customer": {
            "city": "Cernusco Lombardone",
            "state": "LC",
            "billing_address": {
                "city": "Cernusco Lombardone",
                "state": "LC",
                "name": "Andrea Camus",
                "zip": "23870",
                "country": "IT",
                "address1": "Via G. B. Pergolesi 14",
                "address2": "",
                "phone": ""
            },
            "invoice_url": "",
            "name": "Andrea Camus",
            "zip": "23870",
            "country": "IT",
            "address1": "Via G. B. Pergolesi 14",
            "address2": "",
            "phone": "3284143700"
        },
        "shipping": {
            "product_dimension_unit": "cm",
            "product_weight_unit": "kg",
            "product_weight": "1.0",
            "incoterms": "",
            "3PL_warehouse": "",
            "3PL_name": "",
            "product_width": "5.0",
            "product_length": "5.0",
            "carrier": "",
            "product_height": "5.0",
            "method": "standard"
        }
    }, {
        "orderid": "1471511059",
        "parent_orderid": null,
        "amount": {
            "total": 59.99,
            "shipping": 0
        },
        "date": "10/13/2023 11:00AM UTC",
        "fulfillment_method": "Drop Ship (Marketplace)",
        "opp_id": "006Hr00001MVZMb",
        "supplier": "I.G.L.M. ELECTRONIC SRL",
        "line_items": [{
            "weight": "1.0",
            "bom_sku": "1050420",
            "opp_name": "#HERO23 Brita Filtro per acqua originale BRITA MAXTRA PRO All-in-1 Pack 12 - SETTEMBRE - OCT 2023__DSN-vetted - #AIgen",
            "ci_lineitemid": 538368306,
            "sku": "4006387120597",
            "custom_field_value": "Merchant VAT responsible",
            "channel_sku_provided": "a0YHr00000ZhcKG",
            "unit_price": 59.99,
            "ship_by_date": "10/16/2023 09:59PM UTC",
            "kitting_details": "Primary:1x4006387120597",
            "status": "open",
            "intrinsic_value": 46.71,
            "gg_account_number": "001Hr00001onSMEIA2, 001Hr00001onSM4IAM, 001Hr00001onSLzIAM, 001Hr00001onSCWIA2, 001Hr00001onSMJIA2, 001Hr00001onSMTIA2",
            "groupon_cost": 45.60,
            "discount": 3.00,
            "voucher_code": "",
            "permalink": "006Hr00001MVZMb",
            "name": "Brita Filtro per acqua originale BRITA MAXTRA PRO All-in-1 Pack 12",
            "po_number": null,
            "fulfillment_lineitem_id": "1178482614",
            "hts_code": "85166070",
            "gift_message": "",
            "order_line_item_uuid": "f276e008-699f-11ee-8306-22d962264fc1",
            "coo": "",
            "quantity": 1
        }],
        "customer": {
            "city": "Biella",
            "state": "BI",
            "billing_address": {
                "city": "Biella",
                "state": "BI",
                "name": "debora marmo",
                "zip": "13900",
                "country": "IT",
                "address1": "Via Camillo Cavour 16",
                "address2": "",
                "phone": ""
            },
            "invoice_url": "",
            "name": "debora marmo",
            "zip": "13900",
            "country": "IT",
            "address1": "Via Camillo Cavour 16",
            "address2": "",
            "phone": "3472385114"
        },
        "shipping": {
            "product_dimension_unit": "cm",
            "product_weight_unit": "kg",
            "product_weight": "1.0",
            "incoterms": "",
            "3PL_warehouse": "",
            "3PL_name": "",
            "product_width": "5.0",
            "product_length": "5.0",
            "carrier": "",
            "product_height": "5.0",
            "method": "standard"
        }
    }, {
        "orderid": "1471512199",
        "parent_orderid": null,
        "amount": {
            "total": 59.99,
            "shipping": 0
        },
        "date": "10/13/2023 02:45PM UTC",
        "fulfillment_method": "Drop Ship (Marketplace)",
        "opp_id": "006Hr00001MVZMb",
        "supplier": "I.G.L.M. ELECTRONIC SRL",
        "line_items": [{
            "weight": "1.0",
            "bom_sku": "1050420",
            "opp_name": "#HERO23 Brita Filtro per acqua originale BRITA MAXTRA PRO All-in-1 Pack 12 - SETTEMBRE - OCT 2023__DSN-vetted - #AIgen",
            "ci_lineitemid": 538369967,
            "sku": "4006387120597",
            "custom_field_value": "Merchant VAT responsible",
            "channel_sku_provided": "a0YHr00000ZhcKG",
            "unit_price": 59.99,
            "ship_by_date": "10/16/2023 09:59PM UTC",
            "kitting_details": "Primary:1x4006387120597",
            "status": "open",
            "intrinsic_value": 49.17,
            "gg_account_number": "001Hr00001onSMEIA2, 001Hr00001onSM4IAM, 001Hr00001onSLzIAM, 001Hr00001onSCWIA2, 001Hr00001onSMJIA2, 001Hr00001onSMTIA2",
            "groupon_cost": 45.60,
            "discount": 0,
            "voucher_code": "",
            "permalink": "006Hr00001MVZMb",
            "name": "Brita Filtro per acqua originale BRITA MAXTRA PRO All-in-1 Pack 12",
            "po_number": null,
            "fulfillment_lineitem_id": "1178483726",
            "hts_code": "85166070",
            "gift_message": "",
            "order_line_item_uuid": "e74d2258-69bf-11ee-b4a8-22d962264fc1",
            "coo": "",
            "quantity": 1
        }],
        "customer": {
            "city": "ROMA",
            "state": "RM",
            "billing_address": {
                "city": "ROMA",
                "state": "RM",
                "name": "GIAMBATTISTA MASSA",
                "zip": "00159",
                "country": "IT",
                "address1": "VIA TIBURTINA 757 CONSEGNA IN ",
                "address2": "",
                "phone": ""
            },
            "invoice_url": "",
            "name": "GIAMBATTISTA MASSA",
            "zip": "00159",
            "country": "IT",
            "address1": "VIA TIBURTINA 757 CONSEGNA IN ",
            "address2": "PARAFARMACIA PI\u00d9 MEDICAL",
            "phone": "3457275481"
        },
        "shipping": {
            "product_dimension_unit": "cm",
            "product_weight_unit": "kg",
            "product_weight": "1.0",
            "incoterms": "",
            "3PL_warehouse": "",
            "3PL_name": "",
            "product_width": "5.0",
            "product_length": "5.0",
            "carrier": "",
            "product_height": "5.0",
            "method": "standard"
        }
    }, {
        "orderid": "1471515068",
        "parent_orderid": null,
        "amount": {
            "total": 59.99,
            "shipping": 0
        },
        "date": "10/14/2023 06:45AM UTC",
        "fulfillment_method": "Drop Ship (Marketplace)",
        "opp_id": "006Hr00001MVZMb",
        "supplier": "I.G.L.M. ELECTRONIC SRL",
        "line_items": [{
            "weight": "1.0",
            "bom_sku": "1050420",
            "opp_name": "#HERO23 Brita Filtro per acqua originale BRITA MAXTRA PRO All-in-1 Pack 12 - SETTEMBRE - OCT 2023__DSN-vetted - #AIgen",
            "ci_lineitemid": 538379550,
            "sku": "4006387120597",
            "custom_field_value": "Merchant VAT responsible",
            "channel_sku_provided": "a0YHr00000ZhcKG",
            "unit_price": 59.99,
            "ship_by_date": "10/17/2023 09:59PM UTC",
            "kitting_details": "Primary:1x4006387120597",
            "status": "open",
            "intrinsic_value": 49.17,
            "gg_account_number": "001Hr00001onSMEIA2, 001Hr00001onSM4IAM, 001Hr00001onSLzIAM, 001Hr00001onSCWIA2, 001Hr00001onSMJIA2, 001Hr00001onSMTIA2",
            "groupon_cost": 45.60,
            "discount": 0,
            "voucher_code": "",
            "permalink": "006Hr00001MVZMb",
            "name": "Brita Filtro per acqua originale BRITA MAXTRA PRO All-in-1 Pack 12",
            "po_number": null,
            "fulfillment_lineitem_id": "1178486629",
            "hts_code": "85166070",
            "gift_message": "",
            "order_line_item_uuid": "7138748e-6a08-11ee-b9ed-aafb70f5c974",
            "coo": "",
            "quantity": 1
        }],
        "customer": {
            "city": "Acri",
            "state": "CS",
            "billing_address": {
                "city": "Acri",
                "state": "CS",
                "name": "Domenico Gallipoli",
                "zip": "87041",
                "country": "IT",
                "address1": "Via Primavera di Praga 16",
                "address2": "",
                "phone": ""
            },
            "invoice_url": "",
            "name": "Domenico Gallipoli",
            "zip": "87041",
            "country": "IT",
            "address1": "Via Primavera di Praga 16",
            "address2": "",
            "phone": "3392533453"
        },
        "shipping": {
            "product_dimension_unit": "cm",
            "product_weight_unit": "kg",
            "product_weight": "1.0",
            "incoterms": "",
            "3PL_warehouse": "",
            "3PL_name": "",
            "product_width": "5.0",
            "product_length": "5.0",
            "carrier": "",
            "product_height": "5.0",
            "method": "standard"
        }
    }, {
        "orderid": "1471516801",
        "parent_orderid": null,
        "amount": {
            "total": 59.99,
            "shipping": 0
        },
        "date": "10/14/2023 02:15PM UTC",
        "fulfillment_method": "Drop Ship (Marketplace)",
        "opp_id": "006Hr00001MVZMb",
        "supplier": "I.G.L.M. ELECTRONIC SRL",
        "line_items": [{
            "weight": "1.0",
            "bom_sku": "1050420",
            "opp_name": "#HERO23 Brita Filtro per acqua originale BRITA MAXTRA PRO All-in-1 Pack 12 - SETTEMBRE - OCT 2023__DSN-vetted - #AIgen",
            "ci_lineitemid": 538382220,
            "sku": "4006387120597",
            "custom_field_value": "Merchant VAT responsible",
            "channel_sku_provided": "a0YHr00000ZhcKG",
            "unit_price": 59.99,
            "ship_by_date": "10/17/2023 09:59PM UTC",
            "kitting_details": "Primary:1x4006387120597",
            "status": "open",
            "intrinsic_value": 49.17,
            "gg_account_number": "001Hr00001onSMEIA2, 001Hr00001onSM4IAM, 001Hr00001onSLzIAM, 001Hr00001onSCWIA2, 001Hr00001onSMJIA2, 001Hr00001onSMTIA2",
            "groupon_cost": 45.60,
            "discount": 0,
            "voucher_code": "",
            "permalink": "006Hr00001MVZMb",
            "name": "Brita Filtro per acqua originale BRITA MAXTRA PRO All-in-1 Pack 12",
            "po_number": null,
            "fulfillment_lineitem_id": "1178488345",
            "hts_code": "85166070",
            "gift_message": "",
            "order_line_item_uuid": "c3c824fc-6a84-11ee-b6cb-1ef54f345b3f",
            "coo": "",
            "quantity": 1
        }],
        "customer": {
            "city": "PREVALLE",
            "state": "BS",
            "billing_address": {
                "city": "PREVALLE",
                "state": "BS",
                "name": "SUSANNA MOMBELLI",
                "zip": "25080",
                "country": "IT",
                "address1": "VIA DON BONSIGNORI 55 SUONARE ",
                "address2": "",
                "phone": ""
            },
            "invoice_url": "",
            "name": "SUSANNA MOMBELLI",
            "zip": "25080",
            "country": "IT",
            "address1": "VIA DON BONSIGNORI 55 SUONARE ",
            "address2": "CAMPANELLO   LM ELETTRONIC",
            "phone": "3451711969"
        },
        "shipping": {
            "product_dimension_unit": "cm",
            "product_weight_unit": "kg",
            "product_weight": "1.0",
            "incoterms": "",
            "3PL_warehouse": "",
            "3PL_name": "",
            "product_width": "5.0",
            "product_length": "5.0",
            "carrier": "",
            "product_height": "5.0",
            "method": "standard"
        }
    }, {
        "orderid": "1471514188",
        "parent_orderid": null,
        "amount": {
            "total": 59.99,
            "shipping": 0
        },
        "date": "10/13/2023 10:00PM UTC",
        "fulfillment_method": "Drop Ship (Marketplace)",
        "opp_id": "006Hr00001MVZMb",
        "supplier": "I.G.L.M. ELECTRONIC SRL",
        "line_items": [{
            "weight": "1.0",
            "bom_sku": "1050420",
            "opp_name": "#HERO23 Brita Filtro per acqua originale BRITA MAXTRA PRO All-in-1 Pack 12 - SETTEMBRE - OCT 2023__DSN-vetted - #AIgen",
            "ci_lineitemid": 538375093,
            "sku": "4006387120597",
            "custom_field_value": "Merchant VAT responsible",
            "channel_sku_provided": "a0YHr00000ZhcKG",
            "unit_price": 59.99,
            "ship_by_date": "10/17/2023 09:59PM UTC",
            "kitting_details": "Primary:1x4006387120597",
            "status": "open",
            "intrinsic_value": 49.17,
            "gg_account_number": "001Hr00001onSMEIA2, 001Hr00001onSM4IAM, 001Hr00001onSLzIAM, 001Hr00001onSCWIA2, 001Hr00001onSMJIA2, 001Hr00001onSMTIA2",
            "groupon_cost": 45.60,
            "discount": 0,
            "voucher_code": "",
            "permalink": "006Hr00001MVZMb",
            "name": "Brita Filtro per acqua originale BRITA MAXTRA PRO All-in-1 Pack 12",
            "po_number": null,
            "fulfillment_lineitem_id": "1178485733",
            "hts_code": "85166070",
            "gift_message": "",
            "order_line_item_uuid": "3c47c628-69fc-11ee-a861-fa1f47dfe582",
            "coo": "",
            "quantity": 1
        }],
        "customer": {
            "city": "Bienate",
            "state": "MI",
            "billing_address": {
                "city": "Bienate",
                "state": "MI",
                "name": "Lavasecco di Viviana ballardin",
                "zip": "20020",
                "country": "IT",
                "address1": "Via Armando Diaz 19",
                "address2": "",
                "phone": ""
            },
            "invoice_url": "",
            "name": "Lavasecco di Viviana ballardin",
            "zip": "20020",
            "country": "IT",
            "address1": "Via Armando Diaz 19",
            "address2": "Se chiuso consegna a bar zoia",
            "phone": "3459340891"
        },
        "shipping": {
            "product_dimension_unit": "cm",
            "product_weight_unit": "kg",
            "product_weight": "1.0",
            "incoterms": "",
            "3PL_warehouse": "",
            "3PL_name": "",
            "product_width": "5.0",
            "product_length": "5.0",
            "carrier": "",
            "product_height": "5.0",
            "method": "standard"
        }
    }, {
        "orderid": "1471518879",
        "parent_orderid": null,
        "amount": {
            "total": 59.99,
            "shipping": 0
        },
        "date": "10/14/2023 08:15PM UTC",
        "fulfillment_method": "Drop Ship (Marketplace)",
        "opp_id": "006Hr00001MVZMb",
        "supplier": "I.G.L.M. ELECTRONIC SRL",
        "line_items": [{
            "weight": "1.0",
            "bom_sku": "1050420",
            "opp_name": "#HERO23 Brita Filtro per acqua originale BRITA MAXTRA PRO All-in-1 Pack 12 - SETTEMBRE - OCT 2023__DSN-vetted - #AIgen",
            "ci_lineitemid": 538386875,
            "sku": "4006387120597",
            "custom_field_value": "Merchant VAT responsible",
            "channel_sku_provided": "a0YHr00000ZhcKG",
            "unit_price": 59.99,
            "ship_by_date": "10/17/2023 09:59PM UTC",
            "kitting_details": "Primary:1x4006387120597",
            "status": "open",
            "intrinsic_value": 49.17,
            "gg_account_number": "001Hr00001onSMEIA2, 001Hr00001onSM4IAM, 001Hr00001onSLzIAM, 001Hr00001onSCWIA2, 001Hr00001onSMJIA2, 001Hr00001onSMTIA2",
            "groupon_cost": 45.60,
            "discount": 0,
            "voucher_code": "",
            "permalink": "006Hr00001MVZMb",
            "name": "Brita Filtro per acqua originale BRITA MAXTRA PRO All-in-1 Pack 12",
            "po_number": null,
            "fulfillment_lineitem_id": "1178490425",
            "hts_code": "85166070",
            "gift_message": "",
            "order_line_item_uuid": "cfe82be2-6ab6-11ee-94ea-cacab61f1ae1",
            "coo": "",
            "quantity": 1
        }],
        "customer": {
            "city": "Roma",
            "state": "RM",
            "billing_address": {
                "city": "Roma",
                "state": "RM",
                "name": "Maria Iovine",
                "zip": "00176",
                "country": "IT",
                "address1": "Via Giuseppe dalla Vedova 18",
                "address2": "",
                "phone": ""
            },
            "invoice_url": "",
            "name": "Maria Iovine",
            "zip": "00176",
            "country": "IT",
            "address1": "Via Giuseppe dalla Vedova 18",
            "address2": "",
            "phone": "3407162650"
        },
        "shipping": {
            "product_dimension_unit": "cm",
            "product_weight_unit": "kg",
            "product_weight": "1.0",
            "incoterms": "",
            "3PL_warehouse": "",
            "3PL_name": "",
            "product_width": "5.0",
            "product_length": "5.0",
            "carrier": "",
            "product_height": "5.0",
            "method": "standard"
        }
    }],
    "success": true
}